<?xml version="1.0" encoding="UTF-8"?>
<!DOCTYPE mapper PUBLIC "-//mybatis.org//DTD Mapper 3.0//EN" "http://mybatis.org/dtd/mybatis-3-mapper.dtd" >
<mapper namespace="group">
<resultMap type="GroupDto" id="GroupMap">
<result property="board_no" column="BOARD_NO"/>
<result property="board_id" column="BOARD_ID"/>
<result property="board_title" column="BOARD_TITLE"/>
<result property="board_content" column="BOARD_CONTENT"/>
<result property="board_date" column="BOARD_DATE"/>
<result property="board_views" column="BOARD_VIEWS"/>
</resultMap>


<select id="list" resultMap="GroupMap">
select board_no ,board_id ,  board_title ,board_content, board_date , board_views
from board
order by board_no desc
</select>

<select id="view" resultType="GroupDto">
select board_no ,board_id ,  board_title ,board_content, board_date , board_views
from board
WHERE BOARD_NO = #{board_no}
</select>

<insert id="write" parameterType="GroupDto">
INSERT INTO BOARD(BOARD_NO, BOARD_CATEGORY, BOARD_ID, BOARD_TITLE, BOARD_CONTENT, BOARD_VIEWS, BOARD_DATE, MEMBER_NO)
VALUES(BOARDSEQ.NEXTVAL, '소모임', #{board_id}, #{board_title} ,#{board_content}, 0, SYSDATE, '3')
</insert>

<update id="modify" parameterType="GroupDto">
UPDATE BOARD
SET BOARD_TITLE = #{board_title} , BOARD_CONTENT = #{board_title} 
WHERE BOARD_NO = #{board_no}
</update>

<delete id="delete" parameterType="String">
	DELETE FROM BOARD
	WHERE BOARD_NO = #{board_no}
</delete>

<!-- 조회수 -->
<update id="viewcount">
UPDATE BOARD
SET BOARD_VIEWS = BOARD_VIEWS +1 
WHERE BOARD_NO = #{BOARD_NO}
</update>



</mapper>
