<?xml version="1.0" encoding="UTF-8"?>
<beans:beans xmlns="http://www.springframework.org/schema/mvc"
	xmlns:xsi="http://www.w3.org/2001/XMLSchema-instance"
	xmlns:beans="http://www.springframework.org/schema/beans"
	xmlns:context="http://www.springframework.org/schema/context"
	xmlns:websocket="http://www.springframework.org/schema/websocket"
	xmlns:tx="http://www.springframework.org/schema/tx"
	xsi:schemaLocation="http://www.springframework.org/schema/websocket http://www.springframework.org/schema/websocket/spring-websocket-4.3.xsd
		http://www.springframework.org/schema/mvc https://www.springframework.org/schema/mvc/spring-mvc.xsd
		http://www.springframework.org/schema/beans https://www.springframework.org/schema/beans/spring-beans.xsd
		http://www.springframework.org/schema/context https://www.springframework.org/schema/context/spring-context.xsd
		http://www.springframework.org/schema/tx http://www.springframework.org/schema/tx/spring-tx-4.3.xsd">

	<!-- DispatcherServlet Context: defines this servlet's request-processing infrastructure -->
	
	<!-- Enables the Spring MVC @Controller programming model -->
	<annotation-driven />

	<!-- Handles HTTP GET requests for /resources/** by efficiently serving up static resources in the ${webappRoot}/resources directory -->
	<resources mapping="/resources/**" location="/resources/" />

	<!-- Resolves views selected for rendering by @Controllers to .jsp resources in the /WEB-INF/views directory -->
	<beans:bean class="org.springframework.web.servlet.view.InternalResourceViewResolver">
		<beans:property name="prefix" value="/WEB-INF/views/" />
		<beans:property name="suffix" value=".jsp" />
	</beans:bean>
	
	<context:component-scan base-package="com.spring.recycle" />
	
	<!-- interceptor -->
 	<interceptors>
		<interceptor>
			<mapping path="/*"/>
			<beans:bean class="com.spring.recycle.common.interceptor.LogInterceptor"/>
		</interceptor>
	</interceptors>

	<beans:bean id="messageHandler" class="com.spring.recycle.websocket.MessageHandler"></beans:bean>
	
	<!-- 쪽지 websocket handler / httpSession 접근 -->
	<websocket:handlers>
		<websocket:mapping handler="messageHandler" path="/wsMessage.do"/>
		<websocket:handshake-interceptors>
	         <beans:bean class="org.springframework.web.socket.server.support.HttpSessionHandshakeInterceptor"/>
	      </websocket:handshake-interceptors>
	</websocket:handlers>

</beans:beans>
