<?xml version="1.0" encoding="UTF-8"?>
<beans xmlns="http://www.springframework.org/schema/beans"
	xmlns:xsi="http://www.w3.org/2001/XMLSchema-instance"
	xmlns:websocket="http://www.springframework.org/schema/websocket"
	xsi:schemaLocation="http://www.springframework.org/schema/websocket http://www.springframework.org/schema/websocket/spring-websocket-4.3.xsd
		http://www.springframework.org/schema/beans http://www.springframework.org/schema/beans/spring-beans.xsd">


    <!-- websocket handler -->
    
	<bean id="messageHandler" class="com.spring.recycle.websocket.MessageHandler"></bean>
	
	<!-- 쪽지 websocket handler / httpSession 접근하기 위해 session 올려줌 -->
	<websocket:handlers>
		<websocket:mapping handler="messageHandler" path="/websocketMessage"/>
		<websocket:handshake-interceptors>
	         <bean class="org.springframework.web.socket.server.support.HttpSessionHandshakeInterceptor"/>
	      </websocket:handshake-interceptors>
	</websocket:handlers>

</beans>
