<?xml version="1.0" encoding="UTF-8"?>
<!DOCTYPE mapper PUBLIC "-//mybatis.org//DTD Mapper 3.0//EN" "http://mybatis.org/dtd/mybatis-3-mapper.dtd" >
<mapper namespace="groupreply">
<resultMap type="GroupReplyDto" id="GroupReplyMap">
<result property="board_no" column="BOARD_NO"/>
<result property="reply_no" column="REPLY_NO"/>
<result property="reply_content" column="REPLY_CONTENT"/>
<result property="reply_id" column="REPLY_ID"/>
<result property="reply_date" column="REPLY_DATE"/>
</resultMap>

<!-- 댓글 조회  -->
<select id="group_readReply" resultType="GroupReplyDto" parameterType="Integer">
select reply_no , reply_content , reply_id ,reply_date
from reply
where board_no = #{board_no}
</select>

<!-- 댓글 작성 -->
<insert id="group_writeReply" parameterType="GroupReplyDto">
INSERT INTO REPLY(BOARD_NO ,BOARD_CATEGORY,REPLY_NO,REPLY_ID , REPLY_CONTENT, REPLY_DATE)
VALUES(#{board_no}, '소모임' , REPLYSEQ.NEXTVAL,#{reply_id},#{reply_content},SYSDATE)
</insert>




</mapper>
