<?xml version="1.0" encoding="UTF-8"?>
<!DOCTYPE mapper PUBLIC "-//mybatis.org//DTD Mapper 3.0//EN" "http://mybatis.org/dtd/mybatis-3-mapper.dtd" >
<mapper namespace="Deal.Board">
	<resultMap type="DealBoardDto" id="DealBoardDto">
		<result property="board_no" column="board_no"/>
		<result property="board_category" column="board_category"/>
		<result property="board_id" column="board_id"/>
		<result property="board_title" column="board_title"/>
		<result property="board_content" column="board_content"/>
		<result property="board_date" column="board_date"/>
		<result property="board_views" column="board_views"/>
		<result property="board_secret" column="board_secret"/>
		<result property="board_price" column="board_price"/>
		<result property="board_prodno" column="board_prodno"/>
		<result property="board_groupno" column="board_groupno"/>
		<result property="board_group" column="board_group"/>
		<result property="member_no" column="member_no"/>
		<result property="board_filter" column="board_filter"/>
	</resultMap>
	
	<select id="dealBoardList" resultType="DealBoardDto">
	SELECT * FROM BOARD 
	WHERE BOARD_CATEGORY = '거래'
	ORDER BY BOARD_NO DESC
	</select>
	
	<select id="selectDealBoard" resultType="DealBoardDto" parameterType="int">
	SELECT * FROM BOARD 
	WHERE BOARD_NO = #{board_no}
	</select>
	
	<insert id="insertDealBoard" parameterType="DealBoardDto">
	INSERT INTO BOARD(BOARD_NO, BOARD_CATEGORY, BOARD_ID, BOARD_TITLE, BOARD_CONTENT, MEMBER_NO, BOARD_DATE, BOARD_FILTER, BOARD_PRICE)
	VALUES(BOARDSEQ.NEXTVAL, '거래', #{board_id}, #{board_title}, #{board_content}, #{member_no}, SYSDATE, '거래', #{board_price})
	</insert>
	
	
	<select id="getId" parameterType="DealBoardDto" resultType="int"> <!-- (selectOne 전용) id로 세션 옮기니까 이름 가져오기(채팅은 이름으로 채팅침) -->
	SELECT MEMBER_NO FROM MEMBER 
	WHERE MEMBER_ID = #{board_id} 
	</select>
	
	<update id="updateDealBoard" parameterType="DealBoardDto">
	UPDATE BOARD 
	SET BOARD_TITLE = #{board_title}, 
		BOARD_CONTENT = #{board_content}, 
		BOARD_PRICE = #{board_price} 
	WHERE BOARD_NO = #{board_no}
	</update>
	
	<delete id="delateDealBoard" parameterType="int">
	DELETE BOARD WHERE BOARD_NO = #{board_no}
	</delete>
	
</mapper>