<?xml version="1.0" encoding="UTF-8"?>
<!DOCTYPE mapper PUBLIC "-//mybatis.org//DTD Mapper 3.0//EN" "http://mybatis.org/dtd/mybatis-3-mapper.dtd" >
<mapper namespace="funding">

	<select id="selectList" resultType="fundingDto">
		SELECT FUNDING_NO, FUNDING_PIC, FUNDING_TITLE, FUNDING_FILTER, FUNDING_START, FUNDING_END, FUNDING_TA, FUNDING_CA
		FROM FUNDING
		WHERE FUNDING_END <![CDATA[ > ]]> TO_CHAR(SYSDATE, 'YYYY-MM-DD')
		ORDER BY FUNDING_NO DESC 
	</select>
	
	<select id="selectEList" resultType="fundingDto">
		SELECT FUNDING_NO, FUNDING_PIC, FUNDING_TITLE, FUNDING_FILTER, FUNDING_START, FUNDING_END
		FROM FUNDING
		WHERE FUNDING_END <![CDATA[ < ]]> TO_CHAR(SYSDATE, 'YYYY-MM-DD')
		ORDER BY FUNDING_NO DESC 
	</select>

	<select id="filter" resultType="fundingDto">
		SELECT FUNDING_NO, FUNDING_PIC, FUNDING_TITLE, FUNDING_FILTER, FUNDING_START, FUNDING_END, FUNDING_TA, FUNDING_CA
		FROM FUNDING
		WHERE FUNDING_END <![CDATA[ > ]]> TO_CHAR(SYSDATE, 'YYYY-MM-DD') AND FUNDING_FILTER like '%'||#{funding_filter}||'%'
		ORDER BY FUNDING_NO DESC 
	</select>
	
		<select id="Efilter" resultType="fundingDto">
		SELECT FUNDING_NO, FUNDING_PIC, FUNDING_TITLE, FUNDING_FILTER, FUNDING_START, FUNDING_END, FUNDING_TA, FUNDING_CA
		FROM FUNDING
		WHERE FUNDING_END <![CDATA[ < ]]> TO_CHAR(SYSDATE, 'YYYY-MM-DD') AND FUNDING_FILTER like '%'||#{funding_filter}||'%'
		ORDER BY FUNDING_NO DESC 
	</select>

	<insert id="insert" parameterType="fundingDto">
		INSERT INTO FUNDING
		VALUES(FUNDINGSEQ.NEXTVAL, #{funding_pic}, #{funding_title}, #{funding_content}, #{funding_filter}, #{funding_start}, #{funding_end}, #{funding_ta}, 0, #{funding_pay})
	</insert>
	
	<update id="update" parameterType="fundingDto">
		UPDATE FUNDING
		SET FUNDING_PIC = #{funding_pic}, FUNDING_TITLE = #{funding_title}, FUNDING_CONTENT = #{funding_content}, FUNDING_START = #{funding_start}, FUNDING_END = #{funding_end}, FUNDING_TA = #{funding_ta}, FUNDING_TA = #{funding_pay}
		WHERE FUNDING_NO = #{funding_no}
	</update>
	
	<delete id="delete" parameterType="int">
		DELETE FROM FUNDING
		WHERE FUNDING_NO = #{funding_no}
	</delete>
	
	
</mapper>
