<?xml version="1.0" encoding="UTF-8"?>
<beans xmlns="http://www.springframework.org/schema/beans"
	xmlns:xsi="http://www.w3.org/2001/XMLSchema-instance"
	xsi:schemaLocation="http://www.springframework.org/schema/beans https://www.springframework.org/schema/beans/spring-beans.xsd">
	
	<!-- Root Context: defines shared resources visible to all other web components -->
	<bean class="org.springframework.beans.factory.config.PropertyPlaceholderConfigurer">
		<property name="locations">
			<list>
				<value>classpath:mybatis/db.properties</value>
			</list>
		</property>
	</bean>
	<!-- dataSource -->
	<bean id="dataSource" class="org.apache.commons.dbcp2.BasicDataSource">
		<property name="driverClassName" value="${driver}" />
		<property name="url" value="${url}" />
		<property name="username" value="${username}" />
		<property name="password" value="${password}" />
	</bean>
	
	<!-- mybatis -->
	<bean id="sqlSession" class="org.mybatis.spring.SqlSessionFactoryBean">
		<property name="dataSource" ref="dataSource" />
		<property name="configLocation" value="WEB-INF/spring/sqls/config.xml"/>
	</bean>
	
	<!-- mybatis template -->
	<bean id="sqlSessionTemplate" class="org.mybatis.spring.SqlSessionTemplate">
		<constructor-arg ref="sqlSession" />
	</bean>
	
	<bean id="multipartResolver" class="org.springframework.web.multipart.commons.CommonsMultipartResolver">
		<property name="maxUploadSize" value="100000000"/>
		<property name="defaultEncoding" value="UTF-8"/>
	</bean>
	
		<!-- navermail설정 -->
    <bean id="mailSender" class="org.springframework.mail.javamail.JavaMailSenderImpl"> 
     <property name="host" value="smtp.naver.com"/> <!-- 메이서버 호스트 -->
     <property name="port" value="465"/> <!-- 메이서버 포트번호 -->
     <property name="username" value="taeheeworld"/> <!-- 자신의 이메일 아이디 -->
     <property name="password" value="asd123!!"/> <!-- 자신의 비밀번호 -->
       <!-- 보안연결 SSL과 관련된 설정 -->
     <property name="javaMailProperties">
      <props>
      <prop key="mail.smtp.auth">true</prop>
      <prop key="mail.smtp.starttls.enable">true</prop>
      <prop key="mail.smtps.checkserveridentity">true</prop>
      <prop key="mail.smtps.ssl.trust">*</prop>
      <prop key="mail.debug">true</prop>
      <prop key="mail.smtp.socketFactory.class">javax.net.ssl.SSLSocketFactory</prop>
      </props>
     </property>
    </bean>
	
	
</beans>
